time_s,force_z_n,ee_x_m,ee_y_m,ee_z_m
0.000000,19.72516608,-0.37155347,0.19484973,0.32854353
4.921825,19.91877610,-0.37156793,0.19483608,0.32839736
4.972104,20.91717177,-0.37161877,0.19480409,0.32798203
5.025835,20.50059617,-0.37165167,0.19478313,0.32749308
5.063187,20.61135655,-0.37166446,0.19478288,0.32699385
5.114582,20.95151479,-0.37166650,0.19479516,0.32645691
5.170871,20.59326405,-0.37165958,0.19481457,0.32590104
5.218760,20.56440513,-0.37164496,0.19483851,0.32534278
5.264504,20.60597354,-0.37162241,0.19486464,0.32479908
5.311702,20.74162492,-0.37159665,0.19488877,0.32427250
5.360598,20.41436555,-0.37156836,0.19491002,0.32377083
5.414035,20.57997868,-0.37153807,0.19492789,0.32330033
5.465252,20.70840147,-0.37150697,0.19494187,0.32286423
5.509786,20.56661445,-0.37147606,0.19495167,0.32246444
5.564952,20.46657090,-0.37142218,0.19496086,0.32211280
5.617390,20.93452248,-0.37136236,0.19496615,0.32180549
5.664967,20.59813130,-0.37130682,0.19496071,0.32152964
5.715154,20.87953273,-0.37126002,0.19494263,0.32128074
5.760401,20.42713724,-0.37122478,0.19491201,0.32105589
5.814248,20.87940114,-0.37120666,0.19486608,0.32084682
5.861159,20.79304755,-0.37120814,0.19480511,0.32064967
5.915234,20.95858902,-0.37123009,0.19473075,0.32046259
5.965485,21.04451271,-0.37127138,0.19464603,0.32028575
6.014230,20.89646958,-0.37132838,0.19455572,0.32012182
6.061077,20.84979391,-0.37139813,0.19446381,0.31997112
6.122493,20.75364283,-0.37147834,0.19437255,0.31983321
6.167094,20.57382723,-0.37155883,0.19429321,0.31971686
6.218105,20.64950270,-0.37162701,0.19423353,0.31962742
6.263133,20.94526448,-0.37168250,0.19419246,0.31956233
6.318583,20.73450685,-0.37172642,0.19416753,0.31951736
6.367046,20.38715891,-0.37176011,0.19415578,0.31948818
6.418067,21.11910052,-0.37178490,0.19415465,0.31947085
6.464198,20.56378305,-0.37180227,0.19416166,0.31946164
6.515226,20.59967077,-0.37181317,0.19417517,0.31945889
6.562930,20.54705682,-0.37181797,0.19419360,0.31946100
6.614560,20.55187960,-0.37178217,0.19428172,0.31941383
6.667826,20.61594795,-0.37172048,0.19447935,0.31926674
6.718124,20.89069081,-0.37166137,0.19473687,0.31906285
6.762693,21.08877169,-0.37162076,0.19503259,0.31886765
6.816974,20.70471465,-0.37160309,0.19539351,0.31871339
6.863675,20.66237342,-0.37163066,0.19584553,0.31860115
6.912821,21.02113476,-0.37168819,0.19635614,0.31853472
6.964102,20.82199785,-0.37179290,0.19690351,0.31853509
7.014174,20.98353220,-0.37196389,0.19749738,0.31854043
7.067786,20.89491925,-0.37221787,0.19816374,0.31861389
7.113406,20.67101552,-0.37252791,0.19888491,0.31874921
7.165551,20.71914345,-0.37292081,0.19966897,0.31891989
7.213312,20.94397064,-0.37338527,0.20051883,0.31913616
7.267984,20.97596601,-0.37390729,0.20143254,0.31939506
7.317522,20.61974311,-0.37449535,0.20241070,0.31969457
7.362466,20.50129706,-0.37513852,0.20339897,0.32004148
7.414107,20.89247864,-0.37585883,0.20444808,0.32044145
7.460034,20.79689015,-0.37663633,0.20557785,0.32089103
7.515569,20.80966620,-0.37749175,0.20674086,0.32138280
7.564842,20.92213044,-0.37843873,0.20792585,0.32192440
7.618010,20.96596556,-0.37943716,0.20920175,0.32254090
7.666405,20.58099393,-0.38049773,0.21052038,0.32319449
7.715592,20.81332740,-0.38162489,0.21187721,0.32387166
7.759755,20.93643787,-0.38282585,0.21324596,0.32459416
7.814945,20.52373436,-0.38406592,0.21468033,0.32535953
7.864566,20.53042577,-0.38539206,0.21612999,0.32615265
7.915055,20.67995108,-0.38678612,0.21761336,0.32696610
7.965054,20.79664942,-0.38821824,0.21911333,0.32783421
8.012786,20.90980622,-0.38971265,0.22063619,0.32877669
8.075572,20.61626647,-0.39125614,0.22218165,0.32974711
8.110596,20.67504847,-0.39284359,0.22375564,0.33074584
8.166199,20.27246025,-0.39446444,0.22535805,0.33178446
8.215010,20.88170757,-0.39610783,0.22700885,0.33283563
8.260958,20.62636975,-0.39778965,0.22865317,0.33392803
8.316346,20.33321509,-0.39950825,0.23030297,0.33504644
8.368170,20.14288731,-0.40127108,0.23194450,0.33616999
8.416514,20.50196433,-0.40306189,0.23356080,0.33732706
8.465822,20.50325517,-0.40485545,0.23520417,0.33851369
8.511179,20.34968215,-0.40665358,0.23687393,0.33969896
8.566112,20.29414458,-0.40848856,0.23852939,0.34090166
8.612027,19.97098269,-0.41035914,0.24016279,0.34209143
8.665367,20.30979849,-0.41223208,0.24179257,0.34328082
8.716166,20.33978754,-0.41411960,0.24342001,0.34449682
8.767902,20.12283189,-0.41598642,0.24502019,0.34571272
8.815548,20.17636869,-0.41785153,0.24659569,0.34694013
8.862605,20.23589697,-0.41974060,0.24810907,0.34818807
8.914412,20.22892305,-0.42161824,0.24960951,0.34940244
8.962713,20.16016018,-0.42349236,0.25103425,0.35061469
9.014290,19.95513224,-0.42535774,0.25244163,0.35182357
9.066053,19.98440364,-0.42718094,0.25381000,0.35301818
9.116385,19.88030267,-0.42898764,0.25516389,0.35421710
9.161179,19.41762237,-0.43077129,0.25650653,0.35537567
9.217980,19.57992397,-0.43254296,0.25782944,0.35649013
9.268543,19.53208163,-0.43427766,0.25915011,0.35756256
9.319828,19.33269334,-0.43599418,0.26037340,0.35863076
9.364343,19.77270477,-0.43765526,0.26155421,0.35967848
9.418192,19.50991989,-0.43927936,0.26269645,0.36071473
9.460667,19.35774908,-0.44088482,0.26379563,0.36173074
9.514139,18.93563565,-0.44244538,0.26482026,0.36273634
9.567630,19.76758351,-0.44399290,0.26580029,0.36369172
9.616306,19.70832367,-0.44549312,0.26675616,0.36461352
9.665976,19.39154954,-0.44695274,0.26767313,0.36551783
9.711110,19.83699415,-0.44837416,0.26856578,0.36639181
9.761918,19.29859522,-0.44974600,0.26942728,0.36725813
9.814734,19.19662112,-0.45106917,0.27022580,0.36811233
9.865611,19.04283868,-0.45236950,0.27097520,0.36893948
9.915935,18.92041339,-0.45362363,0.27169736,0.36972594
9.966168,19.01005646,-0.45484071,0.27236107,0.37047125
10.015904,19.27501187,-0.45599393,0.27300414,0.37119358
10.066518,19.26742129,-0.45710235,0.27361707,0.37192802
10.112409,19.00066257,-0.45818208,0.27417550,0.37266150
10.165380,19.56681809,-0.45922439,0.27471117,0.37335520
10.216180,18.94076943,-0.46021552,0.27520784,0.37402642
10.265327,19.09232075,-0.46116250,0.27569402,0.37465384
10.314572,18.79765074,-0.46205869,0.27616107,0.37523406
10.365429,19.11067455,-0.46293946,0.27656405,0.37578794
10.410502,18.97964983,-0.46380407,0.27690666,0.37632455
10.465096,18.80319816,-0.46461101,0.27722868,0.37682267
10.515851,18.72017215,-0.46538548,0.27752829,0.37731192
10.565281,18.94182160,-0.46612192,0.27783639,0.37777791
10.615180,18.65505567,-0.46681052,0.27811369,0.37823469
10.665202,18.96957990,-0.46747805,0.27834551,0.37867355
10.715749,18.85945558,-0.46808630,0.27857582,0.37909547
10.765471,18.82254730,-0.46866193,0.27876403,0.37949751
10.825383,18.72619932,-0.46920936,0.27892363,0.37985315
10.866848,18.74636253,-0.46971838,0.27906042,0.38017640
10.915640,18.73059162,-0.47016778,0.27920357,0.38048078
10.965198,19.09984135,-0.47059516,0.27935452,0.38078473
11.015201,18.77134550,-0.47101334,0.27948101,0.38111446
11.064901,18.77773426,-0.47140621,0.27959051,0.38141347
11.114455,18.52313303,-0.47179614,0.27971485,0.38167444
11.165424,18.83627100,-0.47218201,0.27978693,0.38191455
11.214588,19.14458873,-0.47256368,0.27984753,0.38217092
11.264991,18.72405968,-0.47292157,0.27989357,0.38242612
11.314993,18.44867720,-0.47325176,0.27995135,0.38266080
11.365153,18.83870294,-0.47357047,0.27998329,0.38286944
11.414773,18.84823119,-0.47387331,0.28000048,0.38306643
11.460466,18.50196344,-0.47414468,0.28002953,0.38325672
11.514473,18.55244605,-0.47441495,0.28006122,0.38340913
11.560342,18.85155665,-0.47466333,0.28006744,0.38354548
11.615044,18.57610632,-0.47487564,0.28009071,0.38368113
11.666255,18.84528418,-0.47506211,0.28010855,0.38380624
11.716179,18.52569244,-0.47525460,0.28013253,0.38393266
11.764371,19.01211610,-0.47545010,0.28016027,0.38405455
11.828841,18.46869136,-0.47563203,0.28019003,0.38419011
11.866877,18.81914964,-0.47580775,0.28021416,0.38430017
11.914930,18.87840421,-0.47595065,0.28025883,0.38442246
11.967096,18.51898020,-0.47608089,0.28027735,0.38455060
12.010744,18.68652681,-0.47621010,0.28031720,0.38467394
12.066353,18.96357770,-0.47634512,0.28036506,0.38478363
12.111677,18.71278039,-0.47649439,0.28036994,0.38487586
12.161612,18.41929714,-0.47664440,0.28036377,0.38494585
12.214205,18.66884024,-0.47680096,0.28036872,0.38498984
12.262674,18.50713599,-0.47696521,0.28036920,0.38503249
12.314512,18.50657334,-0.47712065,0.28036889,0.38503421
12.361068,18.51495935,-0.47726994,0.28037792,0.38497421
12.416843,18.17514383,-0.47739968,0.28037936,0.38484887
12.461345,18.73537380,-0.47752060,0.28040281,0.38465249
12.518224,18.38278177,-0.47762290,0.28042562,0.38440944
12.568861,18.60211542,-0.47772383,0.28042745,0.38410539
12.614150,18.70060001,-0.47779219,0.28045378,0.38375247
12.663824,18.61030041,-0.47788244,0.28046255,0.38336367
12.713925,18.66295125,-0.47796047,0.28045996,0.38295487
12.767967,18.52474566,-0.47801450,0.28046627,0.38250087
12.814386,18.55049389,-0.47808034,0.28046823,0.38197088
12.868622,18.59703493,-0.47812200,0.28048438,0.38140798
12.918572,18.41627137,-0.47815587,0.28051577,0.38080104
12.967975,18.87640280,-0.47820209,0.28055226,0.38016541
13.017131,18.87409618,-0.47824682,0.28058960,0.37952415
13.069580,18.40899093,-0.47828725,0.28061427,0.37886485
13.119452,18.90291610,-0.47832643,0.28064057,0.37813685
13.167437,18.84741503,-0.47835450,0.28069186,0.37738767
13.213737,18.47134370,-0.47836883,0.28071920,0.37661459
13.268386,18.50319145,-0.47839303,0.28074315,0.37580930
13.318545,18.50353683,-0.47841785,0.28073808,0.37498850
13.369441,18.64843203,-0.47845847,0.28073401,0.37413150
13.414351,18.39148873,-0.47848098,0.28075020,0.37325841
13.464958,18.67342692,-0.47849013,0.28076403,0.37236451
13.511108,18.74814094,-0.47846918,0.28080183,0.37145738
13.565948,18.65101731,-0.47846530,0.28083553,0.37055636
13.614222,18.80620070,-0.47847094,0.28084632,0.36966761
13.666189,18.66051109,-0.47845838,0.28087315,0.36877184
13.715257,18.78350279,-0.47846898,0.28088808,0.36788729
13.764714,18.87968109,-0.47850074,0.28088457,0.36700222
13.816968,18.67461014,-0.47850598,0.28091197,0.36610290
13.865217,18.78382097,-0.47849432,0.28092941,0.36520877
13.916641,19.10613738,-0.47849097,0.28093528,0.36435364
13.963879,18.74127007,-0.47850600,0.28092778,0.36350519
14.014122,18.52174449,-0.47852549,0.28094959,0.36265086
14.061347,18.71316421,-0.47856131,0.28096544,0.36178524
14.115839,19.04170142,-0.47859217,0.28099551,0.36089080
14.161371,18.74856502,-0.47862503,0.28100671,0.35997236
14.214684,18.71032562,-0.47865746,0.28104140,0.35904336
14.266191,18.82133313,-0.47868567,0.28108654,0.35809702
14.317799,19.03489077,-0.47871684,0.28113462,0.35715133
14.367137,19.08822184,-0.47873397,0.28118131,0.35622203
14.418619,18.83482055,-0.47875668,0.28124847,0.35531502
14.469465,18.66387405,-0.47877609,0.28128808,0.35440699
14.517668,18.88674184,-0.47881236,0.28133454,0.35345451
14.567701,18.50927568,-0.47884027,0.28137895,0.35249883
14.618896,19.11529093,-0.47885879,0.28144046,0.35154221
14.667355,18.36119675,-0.47885815,0.28150569,0.35061429
14.718538,18.61205827,-0.47889378,0.28154523,0.34966327
14.767963,18.57634705,-0.47892821,0.28157357,0.34870752
14.819172,18.98725218,-0.47897178,0.28161149,0.34774786
14.864116,18.76355991,-0.47902149,0.28162379,0.34680410
14.918739,18.89112874,-0.47906440,0.28164674,0.34583769
14.968799,18.82065975,-0.47911002,0.28165347,0.34489300
15.017327,18.69000731,-0.47916009,0.28166201,0.34396252
15.069016,18.80806511,-0.47921974,0.28169741,0.34301841
15.114150,18.77213715,-0.47928385,0.28172879,0.34206362
15.170458,18.68161848,-0.47935432,0.28174141,0.34110513
15.213992,18.87740658,-0.47941053,0.28176978,0.34015317
15.265337,18.95078453,-0.47944230,0.28179699,0.33918905
15.310990,18.55467104,-0.47947285,0.28185187,0.33820477
15.365594,19.07643275,-0.47952282,0.28186383,0.33723225
15.414262,18.59052942,-0.47956060,0.28187419,0.33627185
15.460974,18.98863743,-0.47961082,0.28188396,0.33529212
15.515905,19.25067051,-0.47964839,0.28191313,0.33432236
15.566134,18.82730245,-0.47970275,0.28196085,0.33335691
15.615998,19.24170932,-0.47977225,0.28198519,0.33239695
15.666859,18.43060668,-0.47985991,0.28199780,0.33145580
15.717092,18.90132920,-0.47992319,0.28204026,0.33049977
15.765299,19.13659405,-0.48000833,0.28207922,0.32952970
15.814874,18.86216434,-0.48005345,0.28212692,0.32854659
15.864093,18.52377400,-0.48010756,0.28219768,0.32756977
15.916937,18.88361111,-0.48015019,0.28222870,0.32660235
15.976437,19.08253088,-0.48018454,0.28227470,0.32564978
16.019284,19.22329691,-0.48023407,0.28229799,0.32469370
16.067254,19.09060845,-0.48027616,0.28232282,0.32373293
16.115603,19.23959765,-0.48031730,0.28234955,0.32278479
16.165802,18.84212187,-0.48034136,0.28237471,0.32184905
16.219212,19.05405912,-0.48034130,0.28242885,0.32090477
16.265709,19.09610565,-0.48034756,0.28248646,0.31996782
16.318247,18.54884386,-0.48038568,0.28254717,0.31901382
16.366846,19.21539131,-0.48041342,0.28259279,0.31801900
16.417868,19.10208169,-0.48045757,0.28260767,0.31704496
16.458041,19.00615304,-0.48047841,0.28264630,0.31607395
16.516486,18.96046118,-0.48053627,0.28267830,0.31511593
16.566525,19.05607652,-0.48056991,0.28271059,0.31414477
16.616644,18.86790848,-0.48058129,0.28274250,0.31317069
16.667619,18.71343843,-0.48062289,0.28277391,0.31218494
16.714931,18.95930188,-0.48066895,0.28278890,0.31120050
16.770585,19.07548718,-0.48071024,0.28281119,0.31020358
16.817747,18.74888032,-0.48075498,0.28283275,0.30920498
16.870003,19.02939143,-0.48079071,0.28285669,0.30820686
16.921515,19.04221270,-0.48083602,0.28287567,0.30721927
16.965037,19.17364765,-0.48087904,0.28289943,0.30624678
17.023263,18.70611873,-0.48092504,0.28291887,0.30528802
17.067082,18.94582703,-0.48096835,0.28295381,0.30433756
17.117866,18.64160138,-0.48101264,0.28297284,0.30339702
17.168393,19.15494147,-0.48106627,0.28302100,0.30245801
17.217465,18.93149225,-0.48111093,0.28305750,0.30152649
17.266656,19.17871340,-0.48115926,0.28307286,0.30060232
17.318634,18.87238672,-0.48118016,0.28307585,0.29967638
17.368545,18.93698626,-0.48121713,0.28307481,0.29875855
17.415995,18.84839260,-0.48126194,0.28308723,0.29784024
17.466974,19.03660651,-0.48128865,0.28312236,0.29692037
17.511663,18.94140711,-0.48133543,0.28313781,0.29599444
17.568202,18.92182562,-0.48136774,0.28316361,0.29505791
17.617050,19.02573708,-0.48140054,0.28321648,0.29409974
17.665518,19.18064956,-0.48146351,0.28324240,0.29314738
17.717311,18.93040965,-0.48151394,0.28327143,0.29221219
17.761628,19.18006716,-0.48155172,0.28328042,0.29127615
17.816825,19.02649995,-0.48159186,0.28329616,0.29034164
17.865589,19.19282913,-0.48163392,0.28334457,0.28938470
17.915989,19.07451089,-0.48166338,0.28339912,0.28843673
17.969100,18.87327387,-0.48166131,0.28345416,0.28747536
18.019675,18.98457472,-0.48166537,0.28348296,0.28650701
18.068382,19.10549294,-0.48167201,0.28354023,0.28553332
18.119752,18.97958003,-0.48169062,0.28358552,0.28457777
18.168993,18.97355354,-0.48171299,0.28360990,0.28361862
18.219518,18.82795597,-0.48175083,0.28365492,0.28264448
18.269080,18.80486397,-0.48179074,0.28368640,0.28164868
18.318071,18.69983298,-0.48185197,0.28369002,0.28064471
18.369305,18.91081491,-0.48191178,0.28369466,0.27962108
18.420484,18.59764113,-0.48196574,0.28371077,0.27862303
18.469120,18.96026836,-0.48202004,0.28373006,0.27763963
18.519816,18.80265408,-0.48204535,0.28377350,0.27667219
18.569741,18.80660393,-0.48209409,0.28377438,0.27570715
18.620304,18.80959364,-0.48212595,0.28376807,0.27475710
18.668687,18.94472878,-0.48215660,0.28376613,0.27382425
18.719325,18.81076283,-0.48218498,0.28377095,0.27288758
18.770201,18.92218056,-0.48223141,0.28379053,0.27195851
18.819859,18.80184478,-0.48227109,0.28381545,0.27100804
18.870020,18.83508173,-0.48230076,0.28384845,0.27004135
18.919382,18.84865580,-0.48232645,0.28386455,0.26906676
18.969837,18.70783474,-0.48235973,0.28388006,0.26807363
19.017574,18.59013150,-0.48237536,0.28390346,0.26706506
19.071585,19.12847592,-0.48239789,0.28390800,0.26605255
19.118522,19.14090255,-0.48241907,0.28389635,0.26505984
19.170570,18.77185401,-0.48243925,0.28390032,0.26406798
19.219814,18.98922112,-0.48245747,0.28392857,0.26306890
19.270127,19.07098159,-0.48247236,0.28397163,0.26207147
19.317473,18.49256486,-0.48251598,0.28398515,0.26105535
19.370925,19.25713595,-0.48256082,0.28397551,0.26003046
19.417567,18.89503197,-0.48260051,0.28397987,0.25902655
19.469954,18.99997144,-0.48262704,0.28401312,0.25804300
19.520288,19.24190650,-0.48265296,0.28405916,0.25706377
19.570295,18.78295382,-0.48269014,0.28410630,0.25610772
19.618849,19.09355116,-0.48271605,0.28416107,0.25514883
19.669240,18.80358655,-0.48275481,0.28418618,0.25420824
19.720031,19.06115884,-0.48276611,0.28419990,0.25325662
19.769682,18.85650344,-0.48276653,0.28425133,0.25230618
19.815280,18.88366653,-0.48278639,0.28428408,0.25136629
19.867100,18.29212533,-0.48280291,0.28432662,0.25041169
19.918371,18.93019145,-0.48283096,0.28434714,0.24946022
19.967937,18.68196136,-0.48286121,0.28439862,0.24849487
20.016427,18.88648813,-0.48290690,0.28444595,0.24753632
